{"cameraMode":{"drawMode":0,"name":"Shaded","section":"Shading Mode"},"sceneLighting":false,"audioPlay":false,"sceneViewState":{"m_AlwaysRefresh":false,"showFog":false,"showSkybox":false,"showFlares":false,"showImageEffects":false,"showParticleSystems":false,"showVisualEffectGraphs":true,"m_FxEnabled":true},"in2DMode":false,"pivot":{"x":-0.004734545946121216,"y":0.8930779099464417,"z":0.1295366883277893},"rotation":{"x":-0.004852836485952139,"y":0.9907751679420471,"z":-0.13034705817699433,"w":-0.0368717759847641},"size":1.076405644416809,"orthographic":false}